{"cameraMode":{"drawMode":0,"name":"Shaded","section":"Shading Mode"},"sceneLighting":false,"audioPlay":false,"sceneViewState":{"showFog":true,"showMaterialUpdate":false,"showSkybox":false,"showFlares":true,"showImageEffects":true,"showParticleSystems":true,"showVisualEffectGraphs":true,"m_FxEnabled":true},"in2DMode":false,"pivot":{"x":-0.05990675091743469,"y":-0.09570257365703583,"z":-0.42591363191604617},"rotation":{"x":-0.1449328064918518,"y":-0.540875256061554,"z":0.09524627774953842,"w":-0.8230311870574951},"size":0.38660258054733279,"orthographic":false}