{"cameraMode":{"drawMode":0,"name":"Shaded","section":"Shading Mode"},"sceneLighting":true,"audioPlay":false,"sceneViewState":{"showFog":true,"showMaterialUpdate":false,"showSkybox":true,"showFlares":true,"showImageEffects":true,"showParticleSystems":true,"showVisualEffectGraphs":true,"m_FxEnabled":true},"in2DMode":false,"pivot":{"x":0.03988748788833618,"y":-0.14755523204803468,"z":-0.07421207427978516},"rotation":{"x":-0.11674530059099198,"y":0.07054918259382248,"z":-0.008314396254718304,"w":-0.9906208515167236},"size":0.6107507944107056,"orthographic":false}