{"cameraMode":{"drawMode":0,"name":"Shaded","section":"Shading Mode"},"sceneLighting":false,"audioPlay":false,"sceneViewState":{"showFog":true,"showMaterialUpdate":false,"showSkybox":false,"showFlares":true,"showImageEffects":true,"showParticleSystems":true,"showVisualEffectGraphs":true,"m_FxEnabled":true},"in2DMode":false,"pivot":{"x":0.000003700144588947296,"y":0.03495170176029205,"z":-0.00000400003045797348},"rotation":{"x":-0.20093290507793427,"y":-0.24051587283611298,"z":0.05096485838294029,"w":-0.9482517838478088},"size":0.038115017116069797,"orthographic":false}