{"cameraMode":{"drawMode":0,"name":"Shaded","section":"Shading Mode"},"sceneLighting":false,"audioPlay":false,"sceneViewState":{"showFog":true,"showMaterialUpdate":false,"showSkybox":false,"showFlares":true,"showImageEffects":true,"showParticleSystems":true,"showVisualEffectGraphs":true,"m_FxEnabled":true},"in2DMode":false,"pivot":{"x":0.000003700144588947296,"y":0.03495170176029205,"z":-0.00000400003045797348},"rotation":{"x":-0.06923267990350723,"y":-0.024840449914336206,"z":0.0017244142945855857,"w":-0.9972896575927734},"size":0.9381150603294373,"orthographic":false}