{"cameraMode":{"drawMode":0,"name":"Shaded","section":"Shading Mode"},"sceneLighting":false,"audioPlay":false,"sceneViewState":{"showFog":true,"showMaterialUpdate":false,"showSkybox":false,"showFlares":true,"showImageEffects":true,"showParticleSystems":true,"showVisualEffectGraphs":true,"m_FxEnabled":true},"in2DMode":false,"pivot":{"x":-0.05439019203186035,"y":0.24872858822345735,"z":-0.49023061990737917},"rotation":{"x":-0.21852560341358186,"y":-0.2536117136478424,"z":0.05892932415008545,"w":-0.9404565691947937},"size":0.08115017414093018,"orthographic":false}